# 회원 더미 데이터
INSERT INTO member (email, password, birthday, credit, nickname, role, phone, name, is_ban, is_leave, ent_date, point,
                    address)
VALUES ('test1', '$2a$10$Wvs.Wp11i7hRIgjhRUb1.uRWPBywcIrOgY5diaW/Uird2eyWUThRy', '1990-01-15',
        FLOOR(RAND() * 7000) + 3000, '닉네임1', 'USER', '010-1234-5678', '홍길동', FALSE, FALSE, '2024-09-01', 0,
        '서울시 강남구 테헤란로 삼성타운 123호'),
       ('test2', '$2a$10$Wvs.Wp11i7hRIgjhRUb1.uRWPBywcIrOgY5diaW/Uird2eyWUThRy', '1991-02-20',
        FLOOR(RAND() * 7000) + 3000, '닉네임2', 'USER', '010-2345-6789', '김철수', FALSE, FALSE, '2024-09-02', 0,
        '서울시 종로구 세종대로 광화문빌딩 456호'),
       ('test3', '$2a$10$Wvs.Wp11i7hRIgjhRUb1.uRWPBywcIrOgY5diaW/Uird2eyWUThRy', '1992-03-05',
        FLOOR(RAND() * 7000) + 3000, '닉네임3', 'USER', '010-3456-7890', '이영희', FALSE, FALSE, '2024-09-03', 0,
        '서울시 마포구 홍익로 연남동 789호'),
       ('test4', '$2a$10$Wvs.Wp11i7hRIgjhRUb1.uRWPBywcIrOgY5diaW/Uird2eyWUThRy', '1993-04-15',
        FLOOR(RAND() * 7000) + 3000, '닉네임4', 'USER', '010-4567-8901', '박준형', FALSE, FALSE, '2024-09-04', 0,
        '서울시 용산구 한강대로 서울역 101호'),
       ('test5', '$2a$10$Wvs.Wp11i7hRIgjhRUb1.uRWPBywcIrOgY5diaW/Uird2eyWUThRy', '1994-05-10',
        FLOOR(RAND() * 7000) + 3000, '닉네임5', 'USER', '010-5678-9012', '최민수', FALSE, FALSE, '2024-09-05', 0,
        '서울시 성북구 동소문로 북악서재 202호'),
       ('test6', '$2a$10$Wvs.Wp11i7hRIgjhRUb1.uRWPBywcIrOgY5diaW/Uird2eyWUThRy', '1995-06-25',
        FLOOR(RAND() * 7000) + 3000, '닉네임6', 'USER', '010-6789-0123', '이유진', FALSE, FALSE, '2024-09-06', 0,
        '서울시 서대문구 신촌로 연세대 303호'),
       ('test7', '$2a$10$Wvs.Wp11i7hRIgjhRUb1.uRWPBywcIrOgY5diaW/Uird2eyWUThRy', '1996-07-30',
        FLOOR(RAND() * 7000) + 3000, '닉네임7', 'USER', '010-7890-1234', '김지민', FALSE, FALSE, '2024-09-07', 0,
        '서울시 강서구 공항대로 김포공항 404호'),
       ('test8', '$2a$10$Wvs.Wp11i7hRIgjhRUb1.uRWPBywcIrOgY5diaW/Uird2eyWUThRy', '1997-08-18',
        FLOOR(RAND() * 7000) + 3000, '닉네임8', 'USER', '010-8901-2345', '오수진', FALSE, FALSE, '2024-09-08', 0,
        '서울시 동작구 사당로 사당역 505호'),
       ('test9', '$2a$10$Wvs.Wp11i7hRIgjhRUb1.uRWPBywcIrOgY5diaW/Uird2eyWUThRy', '1998-09-12',
        FLOOR(RAND() * 7000) + 3000, '닉네임9', 'USER', '010-9012-3456', '정하늘', FALSE, FALSE, '2024-09-09', 0,
        '서울시 관악구 봉천동 서울대 606호'),
       ('test10', '$2a$10$Wvs.Wp11i7hRIgjhRUb1.uRWPBywcIrOgY5diaW/Uird2eyWUThRy', '1999-10-22',
        FLOOR(RAND() * 7000) + 3000, '닉네임10', 'USER', '010-0123-4567', '이수빈', FALSE, FALSE, '2024-09-10', 0,
        '서울시 중구 남대문로 남대문시장 707호'),
       ('test11', '$2a$10$Wvs.Wp11i7hRIgjhRUb1.uRWPBywcIrOgY5diaW/Uird2eyWUThRy', '2000-11-15',
        FLOOR(RAND() * 7000) + 3000, '닉네임11', 'USER', '010-1234-5678', '강다은', FALSE, FALSE, '2024-09-11', 0,
        '서울시 강북구 도봉로 도봉역 808호'),
       ('test12', '$2a$10$Wvs.Wp11i7hRIgjhRUb1.uRWPBywcIrOgY5diaW/Uird2eyWUThRy', '1990-12-01',
        FLOOR(RAND() * 7000) + 3000, '닉네임12', 'USER', '010-2345-6789', '김예린', FALSE, FALSE, '2024-09-12', 0,
        '서울시 영등포구 영등포로 영등포역 909호'),
       ('test13', '$2a$10$Wvs.Wp11i7hRIgjhRUb1.uRWPBywcIrOgY5diaW/Uird2eyWUThRy', '1991-01-10',
        FLOOR(RAND() * 7000) + 3000, '닉네임13', 'USER', '010-3456-7890', '조민희', FALSE, FALSE, '2024-09-13', 0,
        '서울시 송파구 올림픽로 롯데월드타워 1010호'),
       ('test14', '$2a$10$Wvs.Wp11i7hRIgjhRUb1.uRWPBywcIrOgY5diaW/Uird2eyWUThRy', '1992-02-20',
        FLOOR(RAND() * 7000) + 3000, '닉네임14', 'USER', '010-4567-8901', '서지원', FALSE, FALSE, '2024-09-14', 0,
        '서울시 양천구 목동서로 목동역 1111호'),
       ('test15', '$2a$10$Wvs.Wp11i7hRIgjhRUb1.uRWPBywcIrOgY5diaW/Uird2eyWUThRy', '1993-03-30',
        FLOOR(RAND() * 7000) + 3000, '닉네임15', 'USER', '010-5678-9012', '배수현', FALSE, FALSE, '2024-09-15', 0,
        '서울시 구로구 디지털로 디지털단지 1212호');


# 공간 더미 데이터
INSERT INTO space (name, address, detail_address, description, width, height, depth, count, price, is_hide, gu, dong,
                   member_id, create_date)
VALUES ('test1', '서울시 강남구 역삼동', '역삼로 101', '강남구의 모던한 공간입니다.', 10, 3, 5, 25, FLOOR(RAND() * 900) + 100, FALSE, '강남구',
        '역삼동', 1, '2024-09-01 10:00:00'),
       ('test2', '서울시 마포구 서교동', '서교로 202', '마포구의 트렌디한 공간입니다.', 15, 4, 6, 30, FLOOR(RAND() * 900) + 100, FALSE, '마포구',
        '서교동', 1, '2024-09-02 11:00:00'),
       ('test3', '서울시 종로구 관철동', '종로로 303', '종로구의 역사적인 공간입니다.', 12, 3, 5, 35, FLOOR(RAND() * 900) + 100, FALSE, '종로구',
        '관철동', 1, '2024-09-03 12:00:00'),
       ('test4', '서울시 영등포구 당산동', '당산로 404', '영등포구의 편안한 공간입니다.', 18, 5, 7, 40, FLOOR(RAND() * 900) + 100, FALSE, '영등포구',
        '당산동', 1, '2024-09-04 13:00:00'),
       ('test5', '서울시 서초구 방배동', '방배로 505', '서초구의 고급스러운 공간입니다.', 14, 4, 6, 28, FLOOR(RAND() * 900) + 100, FALSE, '서초구',
        '방배동', 1, '2024-09-05 14:00:00'),
       ('test6', '서울시 동대문구 장안동', '장안로 606', '동대문구의 다양한 공간입니다.', 13, 3, 5, 32, FLOOR(RAND() * 900) + 100, FALSE, '동대문구',
        '장안동', 1, '2024-09-06 15:00:00'),
       ('test7', '서울시 서대문구 홍제동', '홍제로 707', '서대문구의 감각적인 공간입니다.', 15, 4, 6, 45, FLOOR(RAND() * 900) + 100, FALSE, '서대문구',
        '홍제동', 1, '2024-09-07 16:00:00'),
       ('test8', '서울시 강북구 수유동', '수유로 808', '강북구의 조용한 공간입니다.', 17, 5, 7, 50, FLOOR(RAND() * 900) + 100, FALSE, '강북구',
        '수유동', 1, '2024-09-08 17:00:00'),
       ('test9', '서울시 광진구 화양동', '화양로 909', '광진구의 현대적인 공간입니다.', 20, 6, 8, 60, FLOOR(RAND() * 900) + 100, FALSE, '광진구',
        '화양동', 1, '2024-09-09 18:00:00'),
       ('test10', '서울시 용산구 한남동', '한남로 1010', '용산구의 멋진 공간입니다.', 18, 5, 7, 55, FLOOR(RAND() * 900) + 100, FALSE, '용산구',
        '한남동', 1, '2024-09-10 19:00:00'),
       ('test11', '서울시 성동구 성수동', '성수로 1111', '성동구의 트렌디한 공간입니다.', 12, 3, 5, 35, FLOOR(RAND() * 900) + 100, FALSE, '성동구',
        '성수동', 1, '2024-09-11 20:00:00'),
       ('test12', '서울시 노원구 상계동', '상계로 1212', '노원구의 아늑한 공간입니다.', 14, 4, 6, 29, FLOOR(RAND() * 900) + 100, FALSE, '노원구',
        '상계동', 1, '2024-09-12 21:00:00'),
       ('test13', '서울시 서초구 서초동', '서초로 1313', '서초구의 세련된 공간입니다.', 15, 5, 7, 33, FLOOR(RAND() * 900) + 100, FALSE, '서초구',
        '서초동', 1, '2024-09-13 22:00:00'),
       ('test14', '서울시 동작구 사당동', '사당로 1414', '동작구에 위치한 넓은 공간입니다.', 20, 6, 8, 42, FLOOR(RAND() * 900) + 100, FALSE,
        '동작구', '사당동', 1, '2024-09-14 23:00:00'),
       ('test15', '서울시 송파구 잠실동', '잠실로 1515', '송파구의 화려한 공간입니다.', 22, 7, 9, 50, FLOOR(RAND() * 900) + 100, FALSE, '송파구',
        '잠실동', 1, '2024-09-15 00:00:00');


# 예약 더미 데이터
INSERT INTO reservation (member_id, space_id, create_date, start_date, end_date, is_accept, is_end)
VALUES (1, 1, '2024-09-01 10:00:00', '2024-09-02 10:00:00', '2024-09-02 11:00:00', FALSE, FALSE),
       (1, 2, '2024-09-01 10:00:00', '2024-09-03 10:00:00', '2024-09-03 11:00:00', FALSE, FALSE),
       (2, 3, '2024-09-02 11:00:00', '2024-09-04 10:00:00', '2024-09-04 11:00:00', FALSE, FALSE),
       (3, 4, '2024-09-02 11:00:00', '2024-09-05 10:00:00', '2024-09-05 11:00:00', FALSE, FALSE),
       (1, 5, '2024-09-03 12:00:00', '2024-09-06 10:00:00', '2024-09-06 11:00:00', FALSE, FALSE),
       (2, 6, '2024-09-03 12:00:00', '2024-09-07 10:00:00', '2024-09-07 11:00:00', FALSE, FALSE),
       (1, 7, '2024-09-04 13:00:00', '2024-09-08 10:00:00', '2024-09-08 11:00:00', FALSE, FALSE),
       (2, 8, '2024-09-04 13:00:00', '2024-09-09 10:00:00', '2024-09-09 11:00:00', FALSE, FALSE),
       (3, 9, '2024-09-05 14:00:00', '2024-09-10 10:00:00', '2024-09-10 11:00:00', FALSE, FALSE),
       (1, 10, '2024-09-05 14:00:00', '2024-09-11 10:00:00', '2024-09-11 11:00:00', FALSE, FALSE),
       (2, 11, '2024-09-06 15:00:00', '2024-09-12 10:00:00', '2024-09-12 11:00:00', FALSE, FALSE),
       (3, 12, '2024-09-06 15:00:00', '2024-09-13 10:00:00', '2024-09-13 11:00:00', FALSE, FALSE),
       (1, 13, '2024-09-07 16:00:00', '2024-09-14 10:00:00', '2024-09-14 11:00:00', FALSE, FALSE),
       (2, 14, '2024-09-07 16:00:00', '2024-09-15 10:00:00', '2024-09-15 11:00:00', FALSE, FALSE),
       (3, 15, '2024-09-08 17:00:00', '2024-09-16 10:00:00', '2024-09-16 11:00:00', FALSE, FALSE);


# 리뷰 더미 데이터
INSERT INTO review (is_hide, member_id, reservation_id, rating, create_date, content, title)
VALUES (FALSE, 1, 1, 5, '2024-09-02 12:00:00', '아주 좋은 공간이었습니다. 다음에 또 이용하고 싶어요!', '최고의 경험'),
       (FALSE, 2, 2, 4, '2024-09-03 13:00:00', '편안한 분위기와 친절한 서비스가 좋았습니다.', '편안한 시간'),
       (FALSE, 3, 3, 3, '2024-09-04 14:00:00', '공간은 괜찮았지만, 청소가 좀 필요해 보였습니다.', '보통의 경험'),
       (FALSE, 4, 4, 5, '2024-09-05 15:00:00', '매우 깨끗하고 잘 관리된 공간이었습니다.', '아주 만족'),
       (FALSE, 1, 5, 2, '2024-09-06 16:00:00', '좀 복잡하고 시끄러웠습니다.', '다소 실망'),
       (FALSE, 2, 6, 1, '2024-09-07 17:00:00', '사실상 이용하지 못했습니다. 개선이 필요합니다.', '실망스러운 경험'),
       (FALSE, 3, 7, 4, '2024-09-08 18:00:00', '이용할 만 했습니다. 다음에는 다른 공간도 이용해보겠습니다.', '괜찮은 공간'),
       (FALSE, 4, 8, 5, '2024-09-09 19:00:00', '매우 좋은 선택이었습니다. 추천합니다!', '정말 좋았어요'),
       (FALSE, 1, 9, 3, '2024-09-10 20:00:00', '그럭저럭 괜찮았습니다.', '보통이었어요'),
       (FALSE, 2, 10, 4, '2024-09-11 21:00:00', '친절한 서비스와 좋은 위치.', '좋은 경험'),
       (FALSE, 3, 11, 5, '2024-09-12 22:00:00', '기대 이상이었습니다! 다시 오고 싶어요.', '아주 만족스러웠습니다'),
       (FALSE, 4, 12, 2, '2024-09-13 23:00:00', '조금 실망했습니다. 개선이 필요해요.', '실망스러운 경험'),
       (FALSE, 1, 13, 4, '2024-09-14 23:30:00', '전반적으로 좋은 공간이었습니다.', '좋은 선택'),
       (FALSE, 2, 14, 3, '2024-09-15 00:00:00', '무난한 경험이었습니다.', '그저 그런 경험'),
       (FALSE, 3, 15, 5, '2024-09-16 00:30:00', '정말 좋았어요! 다시 방문할게요.', '최고의 공간');
